{"cameraMode":{"drawMode":0,"name":"Shaded","section":"Shading Mode"},"sceneLighting":true,"audioPlay":false,"sceneViewState":{"showFog":true,"showMaterialUpdate":false,"showSkybox":true,"showFlares":true,"showImageEffects":true,"showParticleSystems":true},"in2DMode":false,"pivot":{"x":17.42717742919922,"y":-16.836238861083986,"z":-20.015296936035158},"rotation":{"x":0.08602042496204376,"y":0.9138884544372559,"z":-0.27371159195899966,"w":0.2872116267681122},"size":41.731754302978519,"orthographic":false}